,link,published,title,source
130,https://www.prweb.com/releases/boulder_seo_marketing_to_host_complimentary_search_engine_optimization_training_in_denver_and_online_via_livestream/prweb16668317.htm,"Wed, 23 Oct 2019 00:40:00 GMT",Boulder SEO Marketing To Host Complimentary Search Engine Optimization Training in Denver and Online via Livestream,prweb
98,https://www.prweb.com/releases/brazilian_fashion_brand_amaro_speeds_into_the_future_with_centric_fashion_plm/prweb16658964.htm,"Wed, 23 Oct 2019 00:15:00 GMT",Brazilian Fashion Brand AMARO Speeds into the Future with Centric Fashion PLM,prweb
4,https://www.prweb.com/releases/banc_intranets_introduces_new_4_6_version_of_directorslink_and_bancworks_with_enhanced_features_functionality_and_security/prweb16667788.htm,"Wed, 23 Oct 2019 00:00:00 GMT","Banc Intranets Introduces New 4.6 Version of DirectorsLink® and BancWorks® with Enhanced Features, Functionality and Security",prweb
68,https://www.prweb.com/releases/supreme_auctions_announces_luxury_texas_estate_regency_oaks_in_the_woodlands_to_sell_at_no_reserve_auction/prweb16662952.htm,"Tue, 22 Oct 2019 23:45:00 GMT","Supreme Auctions Announces Luxury Texas Estate, Regency Oaks in The Woodlands, to Sell at No-Reserve Auction",prweb
155,https://www.prweb.com/releases/revelations_from_royal_sarah_ferguson_reveal_growing_use_of_a_range_of_cosmetic_procedures_for_all_kinds_of_people_says_beverly_hills_physicians/prweb16664794.htm,"Tue, 22 Oct 2019 23:20:00 GMT","Revelations from Royal Sarah Ferguson Reveal Growing Use of a Range of Cosmetic Procedures for All Kinds of People, says Beverly Hills Physicians",prweb
131,https://www.prweb.com/releases/babelbark_drives_continuity_of_care_when_hospice_care_is_needed/prweb16668003.htm,"Tue, 22 Oct 2019 23:15:00 GMT",BabelBark® Drives Continuity of Care When Hospice Care is Needed,prweb
94,https://www.prweb.com/releases/national_association_of_student_financial_aid_administrators_national_college_access_network_release_statement_of_support_for_bipartisan_fafsa_simplification_act/prweb16660094.htm,"Tue, 22 Oct 2019 23:10:00 GMT","National Association of Student Financial Aid Administrators, National College Access Network Release Statement of Support for Bipartisan FAFSA Simplification Act",prweb
157,https://www.prweb.com/releases/fan_favorite_crowder_to_helm_winter_jam_2020/prweb16664717.htm,"Tue, 22 Oct 2019 23:00:00 GMT",Fan Favorite Crowder To Helm Winter Jam 2020,prweb
5,https://www.prweb.com/releases/new_napcp_best_practices_guide_shows_public_sector_card_administrators_how_to_define_develop_and_implement_a_p_card_program/prweb16667588.htm,"Tue, 22 Oct 2019 23:00:00 GMT","New NAPCP Best Practices Guide Shows Public Sector Card Administrators How to Define, Develop and Implement a P-Card Program",prweb
3,https://www.prweb.com/releases/asdsa_receives_2019_excellence_in_advocacy_award_for_a_state_campaign/prweb16667819.htm,"Tue, 22 Oct 2019 23:00:00 GMT",ASDSA Receives 2019 Excellence in Advocacy Award for a State Campaign,prweb
133,https://www.prweb.com/releases/massgenie_announces_power_buy_as_a_saas_offering_and_partner_beta_program/prweb16667181.htm,"Tue, 22 Oct 2019 23:00:00 GMT",MassGenie Announces Power Buy as a SaaS Offering and Partner Beta Program,prweb
135,https://www.prweb.com/releases/southeastern_wisconsin_pickup_truck_shoppers_can_soon_get_the_2020_nissan_titan_at_boucher_nissan_of_greenfield/prweb16667058.htm,"Tue, 22 Oct 2019 22:00:00 GMT",Southeastern Wisconsin Pickup Truck Shoppers Can Soon Get the 2020 Nissan TITAN at Boucher Nissan of Greenfield,prweb
6,https://www.prweb.com/releases/miami_single_family_homes_condo_sales_surge_in_september/prweb16667556.htm,"Tue, 22 Oct 2019 21:40:00 GMT","Miami Single-Family Homes, Condo Sales Surge in September",prweb
28,https://www.prweb.com/releases/attention_millennials_travel_trim_debt_with_trucking_career/prweb16664893.htm,"Tue, 22 Oct 2019 21:30:00 GMT",Attention Millennials: Travel & Trim Debt with Trucking Career,prweb
159,https://www.prweb.com/releases/everything_you_need_to_know_about_telecytology_but_were_afraid_to_ask_asc_short_course_on_telecytology_for_rose_utilizing_remote_medical_technologies/prweb16664687.htm,"Tue, 22 Oct 2019 21:00:00 GMT",Everything You Need to Know About Telecytology But Were Afraid to Ask: ASC Short Course on Telecytology for ROSE Utilizing Remote Medical Technologies,prweb
49,https://www.prweb.com/releases/vr_esport_tower_tag_coming_to_north_america_and_europe/prweb16664398.htm,"Tue, 22 Oct 2019 21:00:00 GMT",VR eSport Tower Tag Coming to North America and Europe,prweb
9,https://www.prweb.com/releases/tiffany_comunale_berkshire_hathaway_homeservices_florida_realty_featured_in_top_agent_magazine/prweb16667042.htm,"Tue, 22 Oct 2019 21:00:00 GMT","Tiffany Comunale, Berkshire Hathaway HomeServices Florida Realty, Featured in Top Agent Magazine",prweb
134,https://www.prweb.com/releases/practicesuite_selects_relatient_to_power_patient_reminders_intake_surveys_secure_messaging_and_self_scheduling_for_57_000_medical_professionals/prweb16667099.htm,"Tue, 22 Oct 2019 20:45:00 GMT","PracticeSuite Selects Relatient To Power Patient Reminders, Intake, Surveys, Secure Messaging, And Self-Scheduling For 57,000 Medical Professionals",prweb
132,https://www.prweb.com/releases/airship_delivers_openstack_and_kubernetes_at_scale_earns_confirmation_as_top_level_osf_project/prweb16667335.htm,"Tue, 22 Oct 2019 20:45:00 GMT","Airship Delivers OpenStack and Kubernetes at Scale, Earns Confirmation as Top-Level OSF Project",prweb
21,https://www.prweb.com/releases/worcester_polytechnic_institute_researcher_creating_safer_more_accurate_way_to_detect_prostate_cancer/prweb16665793.htm,"Tue, 22 Oct 2019 20:35:00 GMT","Worcester Polytechnic Institute Researcher Creating Safer, More Accurate Way to Detect Prostate Cancer",prweb
213,https://www.prweb.com/releases/leasebreak_com_registers_its_100_000th_user_by_focusing_on_short_term_rentals/prweb16661454.htm,"Tue, 22 Oct 2019 20:10:55 GMT","Leasebreak.com registers its 100,000th user by focusing on short term rentals",prweb
7,https://www.prweb.com/releases/rentec_direct_teams_up_with_petscreening_to_assist_pet_friendly_property_owners_and_managers/prweb16667111.htm,"Tue, 22 Oct 2019 20:00:00 GMT",Rentec Direct Teams Up With PetScreening to Assist Pet-Friendly Property Owners and Managers,prweb
280,https://www.prweb.com/releases/helios_ip_announces_docketengine_version_11_update/prweb16661332.htm,"Tue, 22 Oct 2019 20:00:00 GMT",Helios IP Announces DocketEngine™ Version 11 Update,prweb
8,https://www.prweb.com/releases/thor_equities_group_acquires_first_property_in_nashville/prweb16667059.htm,"Tue, 22 Oct 2019 19:50:00 GMT",Thor Equities Group Acquires First Property in Nashville,prweb
285,https://www.prweb.com/releases/boston_arts_academy_foundation_announces_pledge_from_red_sox_foundation_fenway_music_company_and_anonymous_challenge_grant/prweb16650684.htm,"Tue, 22 Oct 2019 19:40:08 GMT","Boston Arts Academy Foundation Announces Pledge From Red Sox Foundation & Fenway Music Company and Anonymous ""Challenge Grant""",prweb
136,https://www.prweb.com/releases/edulab_capital_partners_expands_investment_and_operations_team_to_support_global_portfolio/prweb16666987.htm,"Tue, 22 Oct 2019 19:35:00 GMT",EduLab Capital Partners Expands Investment and Operations Team to Support Global Portfolio,prweb
137,https://www.prweb.com/releases/central_holidays_unveils_a_year_of_traveling_our_top_destinations_guide/prweb16666950.htm,"Tue, 22 Oct 2019 19:30:00 GMT",Central Holidays Unveils “A Year of Traveling Our Top Destinations” Guide,prweb
10,https://www.prweb.com/releases/compelling_new_bestseller_takes_an_honest_approach_on_turning_trauma_into_triumph_and_impossible_odds_into_victories/prweb16666794.htm,"Tue, 22 Oct 2019 19:30:00 GMT",Compelling New Bestseller Takes an Honest Approach on Turning Trauma into Triumph and Impossible Odds into Victories,prweb
50,https://www.prweb.com/releases/milton_hershey_school_elementary_teacher_receives_presidential_award_for_excellence/prweb16664266.htm,"Tue, 22 Oct 2019 19:30:00 GMT",Milton Hershey School Elementary Teacher Receives Presidential Award for Excellence,prweb
251,https://www.prweb.com/releases/alan_hayon_accepted_into_forbes_finance_council/prweb16653012.htm,"Tue, 22 Oct 2019 19:10:00 GMT",Alan Hayon accepted into Forbes Finance Council,prweb
191,https://www.prweb.com/releases/trextel_to_launch_new_managed_services_platform/prweb16663511.htm,"Tue, 22 Oct 2019 19:00:00 GMT",Trextel to Launch New Managed Services Platform,prweb
0,https://www.prweb.com/releases/daisies_dragonflies_a_documentary_about_gilmore_girls_is_in_production/prweb16666273.htm,"Tue, 22 Oct 2019 19:00:00 GMT","Daisies & Dragonflies, a Documentary about Gilmore Girls, is in Production",prweb
12,https://www.prweb.com/releases/palmer_johnson_continues_to_grow_in_sun_prairie_wi_with_new_recon_facility/prweb16666578.htm,"Tue, 22 Oct 2019 19:00:00 GMT","Palmer Johnson Continues to Grow in Sun Prairie, WI with New RECON Facility",prweb
181,https://www.prweb.com/releases/linc_housing_s_mosaic_gardens_at_westlake_earns_five_industry_awards_for_stunning_design_and_positive_impact_on_the_community/prweb16663773.htm,"Tue, 22 Oct 2019 18:45:00 GMT",Linc Housing's Mosaic Gardens at Westlake Earns Five Industry Awards for  Stunning Design and Positive Impact on the Community,prweb
11,https://www.prweb.com/releases/greenberg_traurig_s_tokyo_office_presents_insiders_views_of_deal_making_in_the_life_sciences_sector/prweb16666620.htm,"Tue, 22 Oct 2019 18:35:00 GMT",Greenberg Traurig's Tokyo Office Presents ‘Insiders’ Views of Deal Making in the Life Sciences Sector’,prweb
138,https://www.prweb.com/releases/clear_comfort_and_innovative_water_care_collaborate_to_deliver_the_best_and_easiest_water_quality_solution/prweb16665537.htm,"Tue, 22 Oct 2019 18:35:00 GMT",Clear Comfort and Innovative Water Care Collaborate to Deliver the Best and Easiest Water Quality Solution,prweb
87,https://www.prweb.com/releases/ccoe_s_jason_weisstein_md_mph_facs_brings_strykers_mako_robotic_arm_assisted_joint_replacement_service_to_colorado_springs/prweb16660863.htm,"Tue, 22 Oct 2019 18:30:00 GMT","CCOE's Jason Weisstein, MD, MPH, FACS Brings Stryker’s MAKO Robotic-Arm Assisted Joint Replacement Service to Colorado Springs",prweb
264,https://www.prweb.com/releases/irving_company_announces_alabama_alliance_usosm_forms_partnership_with_clark_holmes_oral_facial_surgery/prweb16635092.htm,"Tue, 22 Oct 2019 18:30:00 GMT",Irving Company Announces Alabama Alliance: USOSM Forms Partnership with Clark Holmes Oral Facial Surgery,prweb
59,https://www.prweb.com/releases/extensis_unveils_new_corporate_branding_as_company_celebrates_26th_year_in_business/prweb16663434.htm,"Tue, 22 Oct 2019 18:25:23 GMT",Extensis Unveils New Corporate Branding as Company Celebrates 26th Year in Business,prweb
152,https://www.prweb.com/releases/design_by_humans_and_champion_partner_on_limited_edition_drlupo_and_timthetatman_products/prweb16664880.htm,"Tue, 22 Oct 2019 18:10:00 GMT",Design By Humans and Champion Partner on Limited Edition DrLupo and TimTheTatman Products,prweb
16,https://www.prweb.com/releases/through_innovative_eyeonclimate_campaign_the_un_foundation_leverages_photography_to_spotlight_climate_change_solutions/prweb16666269.htm,"Tue, 22 Oct 2019 18:00:00 GMT","Through Innovative #EyeOnClimate Campaign, the UN Foundation Leverages Photography to Spotlight Climate Change Solutions",prweb
69,https://www.prweb.com/releases/maverick_payments_announces_instant_merchant_settlement_under_new_sponsorship_program_with_avidia_bank/prweb16662887.htm,"Tue, 22 Oct 2019 18:00:00 GMT",Maverick Payments Announces Instant Merchant Settlement Under New Sponsorship Program with Avidia Bank,prweb
246,https://www.prweb.com/releases/vinitaly_international_academys_chief_scientist_prof_attilio_scienza_welcomes_italian_wine_ambassadors_to_bolgheri_tuscany/prweb16655835.htm,"Tue, 22 Oct 2019 18:00:00 GMT","Vinitaly International Academy’s Chief Scientist Prof. Attilio Scienza welcomes Italian Wine Ambassadors to Bolgheri, Tuscany",prweb
183,https://www.prweb.com/releases/weigh_less_louisville_launches_louisvilles_only_european_style_natural_weight_loss_program/prweb16663758.htm,"Tue, 22 Oct 2019 18:00:00 GMT",Weigh Less Louisville launches Louisville’s only European-Style Natural Weight Loss Program,prweb
13,https://www.prweb.com/releases/opportunity_for_traditional_financial_services_technology_providers_and_fintechs_to_build_bridges_between_networks_for_more_cohesive_framework_for_u_s_faster_payments/prweb16666362.htm,"Tue, 22 Oct 2019 18:00:00 GMT",Opportunity for traditional financial services technology providers and fintechs to build bridges between networks for more cohesive framework for U.S. faster payments,prweb
17,https://www.prweb.com/releases/hemp_eyewear_officially_launches_as_worlds_first_sustainable_sunglass_line_made_from_hemp_fibre/prweb16666240.htm,"Tue, 22 Oct 2019 17:50:00 GMT",Hemp Eyewear Officially Launches as World’s First Sustainable Sunglass Line Made From Hemp Fibre,prweb
15,https://www.prweb.com/releases/rigaku_features_latest_x_ray_analytical_innovations_at_sermacs_2019/prweb16666275.htm,"Tue, 22 Oct 2019 17:50:00 GMT",Rigaku Features Latest X-ray Analytical Innovations at SERMACS 2019,prweb
14,https://www.prweb.com/releases/mount_sinai_awarded_25_million_to_study_the_environments_influence_on_peoples_health_throughout_their_lifetimes/prweb16666309.htm,"Tue, 22 Oct 2019 17:50:00 GMT",Mount Sinai Awarded $25 Million to Study the Environment’s Influence on People’s Health Throughout Their Lifetimes,prweb
18,https://www.prweb.com/releases/greenberg_traurigs_katharine_j_neer_to_speak_at_nysbas_women_on_the_move_cle/prweb16666202.htm,"Tue, 22 Oct 2019 17:45:00 GMT",Greenberg Traurig’s Katharine J. Neer to Speak at  NYSBA’s Women on the Move CLE,prweb
263,https://www.prweb.com/releases/legal_netlink_alliance_to_hold_u_s_fall_meeting_in_atlanta/prweb16636398.htm,"Tue, 22 Oct 2019 17:35:21 GMT",Legal Netlink Alliance to Hold U.S. Fall Meeting in Atlanta,prweb
19,https://www.prweb.com/releases/faraday_inc_launches_vino_novo_to_enhance_flavor_profile_of_a_bottle_of_wine_in_under_10_minutes/prweb16666056.htm,"Tue, 22 Oct 2019 17:35:00 GMT",Faraday Inc. Launches Vino Novo to Enhance Flavor Profile of a Bottle of Wine in Under 10 Minutes,prweb
249,https://www.prweb.com/releases/icrossing_and_zog_digital_founder_jeff_herzog_returns_to_digital_marketing_as_chairman_ceo_of_zd3_com/prweb16653907.htm,"Tue, 22 Oct 2019 17:00:00 GMT",iCrossing and ZOG Digital Founder Jeff Herzog Returns to Digital Marketing as Chairman & CEO of ZD3.com,prweb
102,https://www.prweb.com/releases/live_auction_260_acre_development_opportunity_wednesday_november_13th_at_5pm/prweb16657492.htm,"Tue, 22 Oct 2019 17:00:00 GMT","Live Auction: 260 +/- Acre Development Opportunity. Wednesday, November 13th at 5PM",prweb
224,https://www.prweb.com/releases/los_gatos_broker_julie_wyss_awarded_the_29_spot_among_the_top_100_real_estate_professionals_in_the_bay_area/prweb16660628.htm,"Tue, 22 Oct 2019 17:00:00 GMT",Los Gatos Broker Julie Wyss Awarded the #29 Spot Among the Top 100 Real Estate Professionals in the Bay Area,prweb
119,https://www.prweb.com/releases/sikka_software_again_wins_best_in_health_apis_from_api_world_awards_recognized_for_developer_friendly_platform/prweb16646541.htm,"Tue, 22 Oct 2019 17:00:00 GMT","Sikka Software again wins Best in Health APIs from API World Awards, recognized for developer friendly platform",prweb
20,https://www.prweb.com/releases/american_consumer_credit_counseling_explains_how_to_improve_credit_scores/prweb16665876.htm,"Tue, 22 Oct 2019 17:00:00 GMT",American Consumer Credit Counseling Explains How to Improve Credit Scores,prweb
235,https://www.prweb.com/releases/gender_differences_in_customer_behavioural_responses_to_coupon_usage/prweb16658578.htm,"Tue, 22 Oct 2019 17:00:00 GMT",Gender Differences in Customer Behavioural Responses to Coupon Usage,prweb
24,https://www.prweb.com/releases/monroe_college_students_faculty_and_staff_lend_a_helping_hand_to_neighboring_communities/prweb16665694.htm,"Tue, 22 Oct 2019 17:00:00 GMT","Monroe College Students, Faculty, and Staff Lend a Helping Hand to Neighboring Communities",prweb
61,https://www.prweb.com/releases/ilmf_lidar_mag_open_nominations_for_2020_lidar_leader_awards/prweb16663292.htm,"Tue, 22 Oct 2019 17:00:00 GMT",ILMF & LIDAR Mag Open Nominations for 2020 Lidar Leader Awards,prweb
42,https://www.prweb.com/releases/the_institutes_riskstream_collaborative_executes_production_testing_of_its_canopy_blockchain_framework_and_its_initial_applications/prweb16664616.htm,"Tue, 22 Oct 2019 16:45:00 GMT",The Institutes RiskStream Collaborative Executes Production Testing of Its Canopy Blockchain Framework and Its Initial Applications,prweb
22,https://www.prweb.com/releases/umd_collaborates_on_new_department_of_defense_grant_to_study_tick_borne_infection_using_3_d_models_of_human_blood_vessels/prweb16665752.htm,"Tue, 22 Oct 2019 16:30:00 GMT",UMD Collaborates on New Department of Defense Grant to Study Tick-borne Infection using 3-D Models of Human Blood Vessels,prweb
23,https://www.prweb.com/releases/security_industry_association_announces_the_2020_security_megatrends/prweb16665737.htm,"Tue, 22 Oct 2019 16:30:00 GMT",Security Industry Association Announces the 2020 Security Megatrends,prweb
187,https://www.prweb.com/releases/aurora_private_wealth_joins_chalice_financial_network_as_new_enterprise_member/prweb16663630.htm,"Tue, 22 Oct 2019 16:15:00 GMT",Aurora Private Wealth Joins Chalice Financial Network as New Enterprise Member,prweb
25,https://www.prweb.com/releases/tata_howard_inc_welcomes_peter_goodwin_as_salem_nh_office_manager/prweb16665645.htm,"Tue, 22 Oct 2019 16:10:00 GMT","Tata & Howard, Inc. Welcomes Peter Goodwin as Salem, NH Office Manager",prweb
29,https://www.prweb.com/releases/myway_mobile_storage_of_grand_rapids_sponsors_grand_rapids_metro_health_marathon/prweb16664891.htm,"Tue, 22 Oct 2019 16:00:00 GMT",MyWay Mobile Storage of Grand Rapids Sponsors Grand Rapids Metro Health Marathon,prweb
64,https://www.prweb.com/releases/upwing_energy_to_present_paper_at_offshore_technology_conference_brazil_2019/prweb16663089.htm,"Tue, 22 Oct 2019 16:00:00 GMT",Upwing Energy to Present Paper at Offshore Technology Conference Brazil 2019,prweb
85,https://www.prweb.com/releases/switchbot_launches_kickstarter_campaign_for_affordable_device_that_transforms_any_curtains_into_smart_curtains_in_30_seconds/prweb16660928.htm,"Tue, 22 Oct 2019 16:00:00 GMT",SwitchBot launches Kickstarter campaign for affordable device that transforms any curtains into smart curtains in 30 seconds,prweb
256,https://www.prweb.com/releases/design_by_humans_launches_new_customizable_graphic_mousepads/prweb16647180.htm,"Tue, 22 Oct 2019 16:00:00 GMT",Design By Humans Launches New Customizable Graphic Mousepads.,prweb
195,https://www.prweb.com/releases/marguerite_casey_foundation_announces_new_ceo_president/prweb16663127.htm,"Tue, 22 Oct 2019 16:00:00 GMT",Marguerite Casey Foundation Announces New CEO & President,prweb
63,https://www.prweb.com/releases/robotical_launches_new_stem_robot_with_added_features_to_help_kids_learn_to_code/prweb16663120.htm,"Tue, 22 Oct 2019 16:00:00 GMT",Robotical launches new STEM robot with added features to help kids learn to code,prweb
39,https://www.prweb.com/releases/mission_accomplished_the_classroom_connectivity_gap_is_now_closed/prweb16664732.htm,"Tue, 22 Oct 2019 16:00:00 GMT",Mission Accomplished: The Classroom Connectivity Gap Is Now Closed,prweb
226,https://www.prweb.com/releases/business_credit_reports_inc_announces_synergy_for_salesforce_on_salesforce_appexchange_the_world_s_leading_enterprise_apps_marketplace/prweb16660532.htm,"Tue, 22 Oct 2019 16:00:00 GMT","Business Credit Reports, Inc. Announces Synergy for Salesforce on Salesforce AppExchange, the World's Leading Enterprise Apps Marketplace",prweb
53,https://www.prweb.com/releases/black_and_ethnic_comedians_finally_gets_their_due_trineday_star_releases_comedy_encyclopedia_trineday_star_releases_comedy_encyclopedia/prweb16664229.htm,"Tue, 22 Oct 2019 16:00:00 GMT",Black and Ethnic Comedians Finally Gets Their Due: TrineDay-Star Releases Comedy Encyclopedia TRINEDAY-STAR RELEASES COMEDY ENCYCLOPEDIA,prweb
222,https://www.prweb.com/releases/qualityip_the_it_services_leader_in_northeast_ohio_is_offering_a_security_awareness_training_sat_program_to_educate_your_companys_employees_on_cyber_security/prweb16660650.htm,"Tue, 22 Oct 2019 16:00:00 GMT","QualityIP, the IT Services Leader in Northeast Ohio, is Offering a Security Awareness Training (SAT) Program to Educate your Company’s Employees on Cyber Security",prweb
139,https://www.prweb.com/releases/bill_booth_named_vice_president_of_product_development_for_data_age_business_systems/prweb16665535.htm,"Tue, 22 Oct 2019 15:50:00 GMT",Bill Booth Named Vice President of Product Development for Data Age Business Systems,prweb
123,https://www.prweb.com/releases/dermbiont_announces_positive_data_from_phase_2a_clinical_trial_and_start_of_phase_2b_clinical_trial_for_athletes_foot_with_a_topical_live_biotherapeutic/prweb16632514.htm,"Tue, 22 Oct 2019 15:45:00 GMT",DermBiont Announces Positive Data from Phase 2a Clinical Trial and Start of Phase 2b Clinical Trial for Athlete’s Foot with a Topical Live Biotherapeutic,prweb
266,https://www.prweb.com/releases/blue_cross_and_blue_shield_of_kansas_city_selects_altruistas_guidingcare_platform_for_care_management/prweb16539967.htm,"Tue, 22 Oct 2019 15:45:00 GMT",Blue Cross and Blue Shield of Kansas City Selects Altruista’s GuidingCare Platform for Care Management,prweb
58,https://www.prweb.com/releases/blue_bird_delivers_record_15_000th_propane_bus_to_newport_news_public_schools/prweb16663685.htm,"Tue, 22 Oct 2019 15:40:00 GMT","Blue Bird Delivers Record 15,000th Propane Bus to Newport News Public Schools",prweb
84,https://www.prweb.com/releases/baker_electric_home_energy_once_again_takes_home_the_coveted_bbb_torch_award_for_ethics/prweb16660976.htm,"Tue, 22 Oct 2019 15:35:00 GMT",Baker Electric Home Energy Once Again Takes Home the Coveted BBB Torch Award for Ethics,prweb
93,https://www.prweb.com/releases/lakeshore_marina_bar_grille_a_johnson_lake_mainstay_for_sale_at_online_auction_from_november_8_14_owners_home_also_available/prweb16660167.htm,"Tue, 22 Oct 2019 15:30:00 GMT",LakeShore Marina Bar & Grille - a Johnson Lake Mainstay – for Sale at Online Auction from November 8 – 14; Owners’ Home Also Available,prweb
212,https://www.prweb.com/releases/oneil_named_as_subcontractor_on_13_million_u_s_army_contract/prweb16661460.htm,"Tue, 22 Oct 2019 15:30:00 GMT",ONEIL named as subcontractor on $13 million U.S. Army contract,prweb
32,https://www.prweb.com/releases/the_ihc_group_selected_by_figo_pet_insurance_to_deliver_best_in_class_pet_health_insurance_plans_for_tech_savvy_pet_lovers/prweb16664816.htm,"Tue, 22 Oct 2019 15:10:00 GMT",The IHC Group Selected By Figo Pet Insurance To Deliver Best-In-Class Pet Health Insurance Plans for Tech Savvy Pet Lovers,prweb
140,https://www.prweb.com/releases/how_to_move_abroad_with_children_internationalliving_com/prweb16665464.htm,"Tue, 22 Oct 2019 15:05:00 GMT",How to Move Abroad With Children—Internationalliving.com,prweb
127,https://www.prweb.com/releases/retired_air_force_lieutenant_colonel_and_airline_pilot_dan_pegram_teaches_kids_the_basics_of_flying_in_pop_pop_airplane_how_do_you_fly/prweb16617844.htm,"Tue, 22 Oct 2019 15:00:00 GMT","Retired Air Force Lieutenant Colonel and Airline Pilot, Dan Pegram, Teaches Kids the Basics of Flying in Pop-Pop Airplane, How Do You Fly?",prweb
197,https://www.prweb.com/releases/future_pharm_introduces_new_black_4_health_liposome_complex/prweb16662894.htm,"Tue, 22 Oct 2019 15:00:00 GMT",Future Pharm Introduces New Black 4 Health Liposome Complex,prweb
144,https://www.prweb.com/releases/pianist_roberta_piket_showcases_the_composing_talents_of_husband_collaborator_billy_mintz_on_domestic_harmony_piket_plays_mintz_due_december_6/prweb16665038.htm,"Tue, 22 Oct 2019 15:00:00 GMT","Pianist Roberta Piket Showcases the Composing Talents of Husband/Collaborator Billy Mintz on ""Domestic Harmony: Piket Plays Mintz,"" Due December 6",prweb
203,https://www.prweb.com/releases/elucidat_opens_new_us_office_to_better_serve_strong_demand_from_north_america/prweb16662469.htm,"Tue, 22 Oct 2019 15:00:00 GMT",Elucidat opens new US office to better serve strong demand from North America,prweb
96,https://www.prweb.com/releases/edriving_launches_fnol_crash_reporting_module_as_part_of_mentor_smartphone_driver_safety_program/prweb16659342.htm,"Tue, 22 Oct 2019 15:00:00 GMT",eDriving Launches FNOL Crash Reporting Module as part of Mentor Smartphone Driver Safety Program,prweb
265,https://www.prweb.com/releases/new_iesp_white_paper_provides_strategies_for_reducing_employee_turnover_and_tools_for_calculating_roi/prweb16604237.htm,"Tue, 22 Oct 2019 15:00:00 GMT",New IESP White Paper Provides Strategies for Reducing Employee Turnover and Tools for Calculating ROI,prweb
193,https://www.prweb.com/releases/prime_meridian_capital_management_named_to_san_francisco_business_times_fast_100_for_third_consecutive_year/prweb16663326.htm,"Tue, 22 Oct 2019 15:00:00 GMT",Prime Meridian Capital Management Named to San Francisco Business Times Fast 100 for Third Consecutive Year,prweb
92,https://www.prweb.com/releases/ifonly_partners_with_shania_kids_can_to_offer_a_chance_to_meet_shania_twain/prweb16660245.htm,"Tue, 22 Oct 2019 15:00:00 GMT",IfOnly Partners with Shania Kids Can to offer a Chance to Meet Shania Twain,prweb
237,https://www.prweb.com/releases/ordermark_enters_into_new_partnership_with_doordash_to_fuel_growth_in_restaurant_delivery/prweb16658382.htm,"Tue, 22 Oct 2019 15:00:00 GMT",Ordermark Enters Into New Partnership with DoorDash to Fuel Growth in Restaurant Delivery,prweb
103,https://www.prweb.com/releases/fire_barrier_experts_wins_distinguished_engineering_award_for_critical_infrastructure_protection/prweb16657260.htm,"Tue, 22 Oct 2019 15:00:00 GMT",Fire Barrier Experts Wins Distinguished Engineering Award for Critical Infrastructure Protection,prweb
56,https://www.prweb.com/releases/woodcraft_stores_to_host_national_turn_for_troops_turn_a_thon/prweb16663909.htm,"Tue, 22 Oct 2019 15:00:00 GMT",Woodcraft Stores To Host National Turn for Troops Turn-a-Thon,prweb
83,https://www.prweb.com/releases/nasoni_launches_kickstarter_for_new_dual_water_fountain_faucet/prweb16660979.htm,"Tue, 22 Oct 2019 15:00:00 GMT",Nasoni launches Kickstarter for new dual water fountain faucet,prweb
229,https://www.prweb.com/releases/restorationmaster_builds_new_micro_sites_for_servicemaster_cleaning_restoration_in_marysville_ca_as_a_new_addition_to_restorationmasterfinder_com/prweb16659640.htm,"Tue, 22 Oct 2019 15:00:00 GMT","RestorationMaster Builds New Micro-Sites for ServiceMaster Cleaning & Restoration in Marysville, CA as a New Addition to RestorationMasterFinder.com",prweb
242,https://www.prweb.com/releases/award_winning_visual_studio_exposes_opioid_abuse_malpractice/prweb16657139.htm,"Tue, 22 Oct 2019 15:00:00 GMT",Award-Winning Visual Studio Exposes Opioid Abuse Malpractice,prweb
254,https://www.prweb.com/releases/miva_inc_collaborates_with_ups_to_help_online_sellers_go_global/prweb16647627.htm,"Tue, 22 Oct 2019 15:00:00 GMT","Miva, Inc. Collaborates with UPS to Help Online Sellers Go Global",prweb
167,https://www.prweb.com/releases/american_college_of_lifestyle_medicine_announces_addition_of_plant_based_formula_leader_kate_farms_to_its_corporate_roundtable/prweb16664328.htm,"Tue, 22 Oct 2019 15:00:00 GMT",American College of Lifestyle Medicine Announces Addition of Plant-Based Formula Leader Kate Farms to its Corporate Roundtable,prweb
196,https://www.prweb.com/releases/record_setting_pilot_wang_zheng_wins_trial_verdict_dismissing_libel_suit_by_ninety_nines_china_governor_saki_chen_jingxian/prweb16662958.htm,"Tue, 22 Oct 2019 14:45:00 GMT",Record-Setting Pilot Wang Zheng Wins Trial Verdict Dismissing Libel Suit By Ninety-Nines China Governor “Saki” Chen Jingxian,prweb
27,https://www.prweb.com/releases/the_salt_yard_to_sponsor_new_mexico_united_pro_soccer_team/prweb16664949.htm,"Tue, 22 Oct 2019 14:40:00 GMT",The Salt Yard to Sponsor New Mexico United Pro Soccer Team,prweb
141,https://www.prweb.com/releases/prom_dress_store_looks_fabulous_with_top_5_star_rating_from_topconsumerreviews_com/prweb16665427.htm,"Tue, 22 Oct 2019 14:40:00 GMT",Prom Dress Store Looks Fabulous with Top 5-Star Rating from TopConsumerReviews.com,prweb
31,https://www.prweb.com/releases/cambria_hotel_celebrates_national_american_beer_day_is_october_27/prweb16664826.htm,"Tue, 22 Oct 2019 14:25:40 GMT",Cambria Hotel Celebrates National American Beer Day is October 27,prweb
115,https://www.prweb.com/releases/lendingusa_announces_new_250_million_investment_commitment_from_atalaya/prweb16651567.htm,"Tue, 22 Oct 2019 14:20:00 GMT",LendingUSA Announces New $250 Million Investment Commitment from Atalaya,prweb
74,https://www.prweb.com/releases/pasternack_launches_a_new_family_of_high_power_attenuators_with_frequency_coverage_of_6_ghz_and_18_ghz/prweb16662184.htm,"Tue, 22 Oct 2019 14:15:00 GMT",Pasternack Launches a New Family of High Power Attenuators with Frequency Coverage of 6 GHz and 18 GHz,prweb
209,https://www.prweb.com/releases/city_of_lamar_joins_over_200_local_agencies_on_the_rocky_mountain_e_purchasing_system/prweb16661939.htm,"Tue, 22 Oct 2019 14:05:00 GMT",City of Lamar joins over 200 local agencies on the Rocky Mountain E-Purchasing System,prweb
128,https://www.prweb.com/releases/reproductive_endocrinologist_dorette_noorhasan_md_reveals_personal_struggles_with_conception_in_miracle_baby_a_fertility_doctor_s_fight_for_motherhood/prweb16617560.htm,"Tue, 22 Oct 2019 14:05:00 GMT","Reproductive Endocrinologist, Dorette Noorhasan, MD Reveals Personal Struggles with Conception in Miracle Baby: A Fertility Doctor's Fight for Motherhood",prweb
124,https://www.prweb.com/releases/dr_dan_holtzclaw_named_on_american_academy_of_periodontology_s_list_of_recommended_speakers/prweb16624760.htm,"Tue, 22 Oct 2019 14:05:00 GMT",Dr. Dan Holtzclaw Named on American Academy of Periodontology's List of Recommended Speakers,prweb
142,https://www.prweb.com/releases/genetec_unveils_next_generation_mobile_license_plate_recognition_system_with_intel_movidius_vpu_technology_for_edge_based_deep_learning_capabilities/prweb16665191.htm,"Tue, 22 Oct 2019 14:00:00 GMT",Genetec unveils next-generation mobile license plate recognition system with Intel® Movidius™ VPU technology for edge-based deep learning capabilities,prweb
244,https://www.prweb.com/releases/board_certified_plastic_surgeon_dr_constance_m_chen_comments_on_improving_abdominal_shape_through_surgery_tips_on_what_to_know_and_expect/prweb16656618.htm,"Tue, 22 Oct 2019 14:00:00 GMT",Board Certified Plastic Surgeon Dr. Constance M Chen Comments on Improving Abdominal Shape Through Surgery: Tips on What to Know and Expect,prweb
284,https://www.prweb.com/releases/deloitte_to_select_quickstart_for_it_workforce_readiness_training/prweb16652661.htm,"Tue, 22 Oct 2019 14:00:00 GMT",Deloitte to Select QuickStart for IT Workforce Readiness & Training,prweb
283,https://www.prweb.com/releases/corptax_reaffirms_relationship_with_quickstart/prweb16652841.htm,"Tue, 22 Oct 2019 14:00:00 GMT",CorpTax Reaffirms Relationship with QuickStart,prweb
216,https://www.prweb.com/releases/the_next_billion_dollar_fintech_opportunities_at_the_4th_annual_fintechtalk_conference_on_october_23rd_and_host_ivalley_announces_the_launch_of_spacetechtalk/prweb16661215.htm,"Tue, 22 Oct 2019 14:00:00 GMT",The Next Billion Dollar Fintech Opportunities at the 4th Annual FINTECHTALK™ Conference on October 23rd and Host iValley Announces the Launch of SpaceTechTalk,prweb
174,https://www.prweb.com/releases/lido_advisors_llc_announces_near_700_million_addition_of_boca_raton_based_marton_bute_wealth_management_group/prweb16664102.htm,"Tue, 22 Oct 2019 14:00:00 GMT","Lido Advisors, LLC Announces Near-$700-Million Addition of Boca Raton-Based Marton Bute Wealth Management Group",prweb
185,https://www.prweb.com/releases/dr_johnson_lee_partners_with_the_exclusive_haute_beauty_network/prweb16663691.htm,"Tue, 22 Oct 2019 14:00:00 GMT",Dr. Johnson Lee Partners with the Exclusive Haute Beauty Network,prweb
236,https://www.prweb.com/releases/high_wire_networks_taps_managed_security_veteran_to_enable_channel_partners_to_deliver_overwatch_cybersecurity_services/prweb16658404.htm,"Tue, 22 Oct 2019 14:00:00 GMT",High Wire Networks Taps Managed Security Veteran to Enable Channel Partners to Deliver Overwatch Cybersecurity Services,prweb
70,https://www.prweb.com/releases/on_target_recognized_as_top_marketing_agency_by_the_greater_houston_builders_association/prweb16662818.htm,"Tue, 22 Oct 2019 14:00:00 GMT",On-Target! Recognized as Top Marketing Agency by the Greater Houston Builders Association,prweb
274,https://www.prweb.com/releases/seoblog_com_announces_best_seo_companies_in_florida_in_2019/prweb16653757.htm,"Tue, 22 Oct 2019 14:00:00 GMT",SEOblog.com Announces Best SEO Companies in Florida in 2019,prweb
194,https://www.prweb.com/releases/auntminnie_com_announces_winners_of_2019_minnies_awards_for_excellence_in_radiology/prweb16663174.htm,"Tue, 22 Oct 2019 14:00:00 GMT",AuntMinnie.com announces winners of 2019 Minnies awards for excellence in radiology,prweb
206,https://www.prweb.com/releases/clover_wireless_introduces_reconext_brand_of_certified_preowned_devices/prweb16662100.htm,"Tue, 22 Oct 2019 14:00:00 GMT",Clover Wireless Introduces Reconext™ Brand of Certified Preowned Devices,prweb
77,https://www.prweb.com/releases/manhattan_institute_report_fails_to_muster_solid_evidence_to_support_vouchers/prweb16661399.htm,"Tue, 22 Oct 2019 14:00:00 GMT",Manhattan Institute Report Fails to Muster Solid Evidence to Support Vouchers,prweb
201,https://www.prweb.com/releases/new_2020_honda_models_available_at_chicago_area_dealership/prweb16662668.htm,"Tue, 22 Oct 2019 14:00:00 GMT",New 2020 Honda models available at Chicago-area dealership,prweb
220,https://www.prweb.com/releases/enterprise_strategy_group_bolsters_channel_acceleration_team_with_two_strategic_hires/prweb16660731.htm,"Tue, 22 Oct 2019 14:00:00 GMT",Enterprise Strategy Group Bolsters Channel Acceleration Team with Two Strategic Hires,prweb
243,https://www.prweb.com/releases/westat_to_provide_capacity_building_to_national_state_and_local_education_programs/prweb16656845.htm,"Tue, 22 Oct 2019 14:00:00 GMT","Westat to Provide Capacity-Building to National, State, and Local Education Programs",prweb
104,https://www.prweb.com/releases/sarah_jaquez_wins_the_fourth_annual_insurtech_scholarship/prweb16656715.htm,"Tue, 22 Oct 2019 14:00:00 GMT",Sarah Jaquez Wins the Fourth Annual InsurTech Scholarship,prweb
172,https://www.prweb.com/releases/primanti_bros_restaurant_and_bar_strikes_deal_with_pittsburgh_tech_startup_giftya_to_launch_5_egift_offer_for_fans/prweb16664167.htm,"Tue, 22 Oct 2019 13:45:00 GMT",Primanti Bros. Restaurant And Bar Strikes Deal With Pittsburgh-Tech Startup GiftYa To Launch $5 eGift Offer For Fans,prweb
166,https://www.prweb.com/releases/rnl_launches_solution_to_maximize_enrollment_for_graduate_students_and_online_learners/prweb16664408.htm,"Tue, 22 Oct 2019 13:45:00 GMT",RNL Launches Solution to Maximize Enrollment for Graduate Students and Online Learners,prweb
188,https://www.prweb.com/releases/give_unique_handmade_presents_and_stocking_stuffers_and_give_back_to_inclusive_communities/prweb16663606.htm,"Tue, 22 Oct 2019 13:35:03 GMT","Give Unique, Handmade Presents and Stocking Stuffers, and Give Back to Inclusive Communities",prweb
240,https://www.prweb.com/releases/performline_releases_report_with_risk_signals_from_cfpb_complaint_database_to_help_financial_institutions_improve_regulatory_compliance_efforts/prweb16657667.htm,"Tue, 22 Oct 2019 13:30:00 GMT",PerformLine Releases Report With Risk Signals from CFPB Complaint Database to Help Financial Institutions Improve Regulatory Compliance Efforts,prweb
44,https://www.prweb.com/releases/hmp_expands_partnership_with_the_international_certification_reciprocity_consortium/prweb16664609.htm,"Tue, 22 Oct 2019 13:30:00 GMT",HMP Expands Partnership with the International Certification & Reciprocity Consortium,prweb
214,https://www.prweb.com/releases/city_of_solvang_california_announces_plans_for_annual_solvang_julefest_revamped_holiday_season_celebration_to_run_november_30_2019_through_january_3_2020/prweb16661300.htm,"Tue, 22 Oct 2019 13:30:00 GMT","City of Solvang, California Announces Plans for Annual 'Solvang Julefest', Revamped Holiday Season Celebration to Run November 30, 2019 through January 3, 2020",prweb
117,https://www.prweb.com/releases/grom_audio_intros_vline_navigation_and_infotainment_system_with_android_auto_for_toyota_entune_2_0_stereos/prweb16647802.htm,"Tue, 22 Oct 2019 13:25:00 GMT",GROM Audio Intros VLine Navigation and Infotainment System with Android Auto for Toyota Entune 2.0 stereos,prweb
35,https://www.prweb.com/releases/interplay_learnings_skillmill_skilled_trades_course_catalog_wins_software_category_of_the_2020_ahr_expo_innovation_awards/prweb16664802.htm,"Tue, 22 Oct 2019 13:20:00 GMT",Interplay Learning’s SkillMill™ Skilled Trades Course Catalog Wins Software Category of the 2020 AHR Expo Innovation Awards,prweb
100,https://www.prweb.com/releases/wellness_resource_support_helps_caregivers_and_patients_better_manage_medical_care/prweb16657705.htm,"Tue, 22 Oct 2019 13:15:00 GMT",Wellness Resource Support Helps Caregivers  and Patients Better Manage Medical Care,prweb
259,https://www.prweb.com/releases/idx_taps_former_labcorp_executive_to_lead_sales_and_customer_success/prweb16645807.htm,"Tue, 22 Oct 2019 13:15:00 GMT",IDx Taps Former LabCorp Executive to Lead Sales and Customer Success,prweb
149,https://www.prweb.com/releases/what_is_car_rental_insurance_and_when_drivers_should_buy_it/prweb16664982.htm,"Tue, 22 Oct 2019 13:10:00 GMT",What Is Car Rental Insurance And When Drivers Should Buy It,prweb
51,https://www.prweb.com/releases/buxton_partners_with_montgomery_to_use_analytics_and_data_to_drive_private_development_in_underserved_business_corridors/prweb16664261.htm,"Tue, 22 Oct 2019 13:10:00 GMT",Buxton Partners with Montgomery to Use Analytics and Data to Drive Private Development in Underserved Business Corridors,prweb
26,https://www.prweb.com/releases/dupont_advanced_printing_launches_new_pigment_inks_at_printing_united_in_dallas/prweb16665267.htm,"Tue, 22 Oct 2019 13:10:00 GMT",DuPont Advanced Printing Launches New Pigment Inks at Printing United in Dallas,prweb
277,https://www.prweb.com/releases/electrosofts_sarbari_gupta_selected_for_2019_leading_for_impact_women_in_leadership_award/prweb16649064.htm,"Tue, 22 Oct 2019 13:05:00 GMT","Electrosoft’s Sarbari Gupta Selected for 2019 Leading for Impact, Women in Leadership Award",prweb
178,https://www.prweb.com/releases/palmen_motors_promotes_pre_auction_models_from_pre_owned_vehicle_inventory/prweb16663835.htm,"Tue, 22 Oct 2019 13:00:00 GMT",Palmen Motors Promotes Pre-Auction Models from Pre-Owned Vehicle Inventory,prweb
192,https://www.prweb.com/releases/ironscales_wins_cyber_defense_magazines_global_award_for_best_anti_phishing_security_solution/prweb16663400.htm,"Tue, 22 Oct 2019 13:00:00 GMT",IRONSCALES Wins Cyber Defense Magazine’s Global Award for Best Anti-Phishing Security Solution,prweb
180,https://www.prweb.com/releases/carl_black_hiram_promotes_auto_repair_services_and_specials_to_atlanta_area_drivers/prweb16663785.htm,"Tue, 22 Oct 2019 13:00:00 GMT",Carl Black Hiram Promotes Auto Repair Services and Specials to Atlanta Area Drivers,prweb
176,https://www.prweb.com/releases/touch_a_life_foundation_to_launch_social_giving_platform_at_third_annual_fundraising_event/prweb16663988.htm,"Tue, 22 Oct 2019 13:00:00 GMT",Touch-A-Life Foundation to Launch Social Giving Platform at Third Annual Fundraising Event,prweb
52,https://www.prweb.com/releases/aflac_voluntary_benefits_offerings_now_available_to_hros_and_their_smb_clients/prweb16664246.htm,"Tue, 22 Oct 2019 13:00:00 GMT",Aflac Voluntary Benefits Offerings Now Available to HROs and their SMB Clients,prweb
278,https://www.prweb.com/releases/beddr_launches_first_precision_sleep_health_solution_now_available_for_employers/prweb16647712.htm,"Tue, 22 Oct 2019 13:00:00 GMT","Beddr Launches First Precision Sleep Health Solution, Now Available for Employers",prweb
175,https://www.prweb.com/releases/freedom_squares_sustainable_modular_rug_concept_launches_on_kickstarter/prweb16664060.htm,"Tue, 22 Oct 2019 13:00:00 GMT",‘Freedom Squares’ Sustainable Modular Rug Concept Launches On Kickstarter,prweb
276,https://www.prweb.com/releases/rocket_dollar_launches_gold_service_tier_to_make_investing_in_alternative_assets_easy_and_quick_with_self_directed_retirement_accounts/prweb16650645.htm,"Tue, 22 Oct 2019 13:00:00 GMT",Rocket Dollar Launches Gold Service Tier to Make Investing in Alternative Assets Easy and Quick with Self-Directed Retirement Accounts,prweb
2,https://www.prweb.com/releases/ryvit_closes_3_5_million_seed_funding_round_to_help_construction_companies_improve_efficiencies/prweb16648791.htm,"Tue, 22 Oct 2019 13:00:00 GMT",Ryvit Closes $3.5 Million Seed Funding Round to Help Construction Companies Improve Efficiencies,prweb
282,https://www.prweb.com/releases/very_launches_first_study_of_iiot_development_timeframes/prweb16653947.htm,"Tue, 22 Oct 2019 13:00:00 GMT",Very launches first study of IIoT development timeframes,prweb
170,https://www.prweb.com/releases/kubra_earned_designation_as_a_great_place_to_work_certified_company_in_2019/prweb16664211.htm,"Tue, 22 Oct 2019 13:00:00 GMT",KUBRA Earned Designation as a Great Place to Work-Certified™ Company in 2019,prweb
179,https://www.prweb.com/releases/garnet_volkswagen_promotes_tread_alert_tire_special_for_october_2019/prweb16663815.htm,"Tue, 22 Oct 2019 13:00:00 GMT",Garnet Volkswagen Promotes ‘Tread Alert’ Tire Special for October 2019,prweb
221,https://www.prweb.com/releases/cellgate_introduces_the_newest_member_of_its_watchman_product_family_the_w410_advanced_telephone_entry_system/prweb16660713.htm,"Tue, 22 Oct 2019 13:00:00 GMT","CellGate Introduces the Newest Member of its Watchman Product Family, the W410 Advanced Telephone Entry System.",prweb
271,https://www.prweb.com/releases/prorize_signs_data_interface_agreement_with_self_storage_manager/prweb16656342.htm,"Tue, 22 Oct 2019 13:00:00 GMT",Prorize signs data interface agreement with Self Storage Manager,prweb
45,https://www.prweb.com/releases/hmps_journal_of_clinical_pathways_and_association_of_community_cancer_centers_announce_collaboration/prweb16664592.htm,"Tue, 22 Oct 2019 13:00:00 GMT",HMP’s Journal of Clinical Pathways and Association of Community Cancer Centers Announce Collaboration,prweb
36,https://www.prweb.com/releases/tinuiti_releases_amazon_ads_benchmark_report_for_q3_2019/prweb16664773.htm,"Tue, 22 Oct 2019 13:00:00 GMT",Tinuiti Releases Amazon Ads Benchmark Report for Q3 2019,prweb
262,https://www.prweb.com/releases/live_power_gains_new_patent_for_next_generation_technology_for_power_grid_monitoring/prweb16637432.htm,"Tue, 22 Oct 2019 13:00:00 GMT",Live Power Gains New Patent for Next-Generation Technology for Power Grid Monitoring,prweb
199,https://www.prweb.com/releases/smartling_debuts_move_the_world_with_words_podcast_at_american_translators_association_60th_annual_conference/prweb16662748.htm,"Tue, 22 Oct 2019 13:00:00 GMT",Smartling Debuts “Move the World with Words” Podcast at American Translators Association 60th Annual Conference,prweb
260,https://www.prweb.com/releases/first_rate_announces_major_investment_to_its_innovative_reporting_solution_onpoint/prweb16644348.htm,"Tue, 22 Oct 2019 13:00:00 GMT","First Rate Announces Major Investment to Its Innovative Reporting Solution, OnPoint",prweb
257,https://www.prweb.com/releases/shipstation_expands_canadian_reach_through_integration_with_canpar/prweb16646994.htm,"Tue, 22 Oct 2019 13:00:00 GMT",ShipStation Expands Canadian Reach Through Integration With Canpar,prweb
200,https://www.prweb.com/releases/cvg_s_mcgraw_named_axn_s_director_of_the_year_medium_airports_category/prweb16662693.htm,"Tue, 22 Oct 2019 13:00:00 GMT","CVG's McGraw Named AXN's Director of the Year, Medium Airports Category",prweb
241,https://www.prweb.com/releases/fiduciary_education_launches_online_course_for_designing_a_successful_defined_contribution_plan/prweb16657149.htm,"Tue, 22 Oct 2019 13:00:00 GMT",Fiduciary Education Launches Online Course for Designing a Successful Defined Contribution Plan,prweb
204,https://www.prweb.com/releases/daniel_burkhart_selected_as_a_2019_up_coming_lawyer_honoree_by_michigan_lawyers_weekly/prweb16662336.htm,"Tue, 22 Oct 2019 13:00:00 GMT",Daniel Burkhart Selected as a 2019 Up & Coming Lawyer Honoree by Michigan Lawyers Weekly,prweb
238,https://www.prweb.com/releases/h_code_partners_with_latido_music_to_reach_latinx_cord_cutters_through_connected_tv/prweb16658362.htm,"Tue, 22 Oct 2019 13:00:00 GMT",H Code Partners With Latido Music to Reach Latinx Cord-Cutters Through Connected TV,prweb
233,https://www.prweb.com/releases/hgar_and_metro_area_realtor_organizations_to_host_global_real_estate_summit_nyc_nov_4_in_manhattan/prweb16659372.htm,"Tue, 22 Oct 2019 13:00:00 GMT",HGAR and Metro Area REALTOR® Organizations to Host Global Real Estate Summit NYC Nov. 4 in Manhattan,prweb
48,https://www.prweb.com/releases/virtue_technologies_announces_investment_by_claritas_capital/prweb16664425.htm,"Tue, 22 Oct 2019 13:00:00 GMT",Virtue Technologies Announces Investment by Claritas Capital,prweb
228,https://www.prweb.com/releases/courier_market_bar_kitchen_now_serving_weekend_brunch/prweb16659775.htm,"Tue, 22 Oct 2019 13:00:00 GMT",Courier . market | bar | kitchen Now Serving Weekend Brunch,prweb
82,https://www.prweb.com/releases/enplug_digital_signage_platform_now_integrates_with_alertus_mass_notification_system/prweb16661048.htm,"Tue, 22 Oct 2019 13:00:00 GMT",Enplug Digital Signage Platform Now Integrates with Alertus Mass Notification System,prweb
143,https://www.prweb.com/releases/bannerbuzz_celebrates_national_business_womens_week_by_launching_small_business_champions_program/prweb16665041.htm,"Tue, 22 Oct 2019 13:00:00 GMT",BannerBuzz Celebrates National Business Women’s Week By Launching Small Business Champions Program,prweb
112,https://www.prweb.com/releases/sae_international_publishes_first_additive_manufacturing_polymer_specifications_for_aerospace_industry/prweb16653973.htm,"Tue, 22 Oct 2019 13:00:00 GMT",SAE International Publishes First Additive Manufacturing Polymer Specifications for Aerospace Industry,prweb
55,https://www.prweb.com/releases/incentive_research_foundation_names_stephanie_harris_as_new_president/prweb16663928.htm,"Tue, 22 Oct 2019 13:00:00 GMT",Incentive Research Foundation Names Stephanie Harris as New President,prweb
165,https://www.prweb.com/releases/intelity_to_exhibit_at_the_hotel_experience_expo_in_new_york_city/prweb16664413.htm,"Tue, 22 Oct 2019 13:00:00 GMT",INTELITY to Exhibit at The Hotel Experience Expo in New York City,prweb
81,https://www.prweb.com/releases/softek_international_softek_wins_five_year_enterprise_architecture_and_information_technology_management_support_contract_for_defense_information_systems_agency_disa/prweb16661096.htm,"Tue, 22 Oct 2019 13:00:00 GMT",Softek International (Softek) Wins Five-Year Enterprise Architecture and Information Technology Management Support Contract for Defense Information Systems Agency (DISA),prweb
164,https://www.prweb.com/releases/consumer_grade_vs_medical_grade_devices_what_you_need_to_know_to_improve_study_outcomes_upcoming_webinar_hosted_by_xtalks/prweb16664417.htm,"Tue, 22 Oct 2019 13:00:00 GMT","Consumer-Grade vs. Medical-Grade Devices: What You Need to Know to Improve Study Outcomes, Upcoming Webinar Hosted by Xtalks",prweb
80,https://www.prweb.com/releases/acqualina_sunny_isles_beach_condo_for_sale_by_brosda_bentley_realtors/prweb16661108.htm,"Tue, 22 Oct 2019 13:00:00 GMT",Acqualina Sunny Isles Beach Condo For Sale By Brosda & Bentley Realtors,prweb
163,https://www.prweb.com/releases/the_impact_of_neoantigen_vaccine_nivolumab_treatment_on_the_tumor_microenvironment_upcoming_webinar_hosted_by_xtalks/prweb16664453.htm,"Tue, 22 Oct 2019 13:00:00 GMT","The Impact of Neoantigen Vaccine & Nivolumab Treatment on the Tumor Microenvironment, Upcoming Webinar Hosted by Xtalks",prweb
162,https://www.prweb.com/releases/how_to_select_and_realize_a_product_innovation_platform_for_plm_in_a_life_sciences_company_upcoming_webinar_hosted_by_xtalks/prweb16664485.htm,"Tue, 22 Oct 2019 13:00:00 GMT","How to Select and Realize a Product Innovation Platform for PLM in a Life Sciences Company, Upcoming Webinar Hosted by Xtalks",prweb
129,https://www.prweb.com/releases/striking_a_blow_to_roofing_industry_trends_calloway_roofing_invests_heavily_in_technology_and_departmentalization_to_boost_customer_service_and_production/prweb16610862.htm,"Tue, 22 Oct 2019 13:00:00 GMT","Striking a Blow to Roofing Industry Trends, Calloway Roofing Invests Heavily in Technology and Departmentalization To Boost Customer Service and Production",prweb
108,https://www.prweb.com/releases/balboa_capital_announces_completion_of_409_million_securitization_the_largest_transaction_in_the_companys_history/prweb16655261.htm,"Tue, 22 Oct 2019 13:00:00 GMT","Balboa Capital Announces Completion of $409 Million Securitization, the Largest Transaction in the Company’s History",prweb
62,https://www.prweb.com/releases/evolv_technology_launches_first_free_flow_weapons_detection_system_designed_to_stop_active_shooters_and_other_threats/prweb16663234.htm,"Tue, 22 Oct 2019 13:00:00 GMT",Evolv Technology Launches First Free-Flow Weapons-Detection System Designed to Stop Active Shooters and Other Threats,prweb
95,https://www.prweb.com/releases/the_new_england_center_for_children_to_host_children_of_promise_gala_to_support_children_with_autism/prweb16659779.htm,"Tue, 22 Oct 2019 13:00:00 GMT",The New England Center for Children to Host Children of Promise Gala to Support Children with Autism,prweb
1,https://www.prweb.com/releases/kynektyd_releases_white_paper_to_help_cpas_and_tax_professionals_avoid_negligence_claims_in_cybersecurity_incidents/prweb16651122.htm,"Tue, 22 Oct 2019 13:00:00 GMT",Kynektyd Releases White Paper to Help CPAs and Tax Professionals Avoid Negligence Claims in Cybersecurity Incidents,prweb
78,https://www.prweb.com/releases/macro_agile_solutions_joins_the_scaled_agile_partner_network/prweb16661355.htm,"Tue, 22 Oct 2019 13:00:00 GMT",Macro Agile Solutions Joins the Scaled Agile Partner Network,prweb
71,https://www.prweb.com/releases/catalent_to_debate_logistics_of_delivery_and_transportation_of_cell_and_gene_therapies_at_hpclc/prweb16662663.htm,"Tue, 22 Oct 2019 13:00:00 GMT",Catalent to Debate Logistics of Delivery and Transportation of Cell and Gene Therapies at HPCLC,prweb
38,https://www.prweb.com/releases/mobile_solutions_and_periscope_equity_partner_in_shared_vision_for_growth/prweb16664734.htm,"Tue, 22 Oct 2019 12:50:00 GMT",Mobile Solutions and Periscope Equity Partner in Shared Vision for Growth,prweb
46,https://www.prweb.com/releases/celebrate_sober_october_with_a_mocktail_marnie_rae_inspires_with_spiced_apple_recipe/prweb16664535.htm,"Tue, 22 Oct 2019 12:45:00 GMT","Celebrate Sober October With a Mocktail, Marnie Rae Inspires with Spiced Apple Recipe",prweb
43,https://www.prweb.com/releases/altec_demonstrating_doclinks_robust_document_management_capabilities_at_2019_sage_intacct_advantage/prweb16664613.htm,"Tue, 22 Oct 2019 12:45:00 GMT",Altec Demonstrating DocLink’s Robust Document Management Capabilities at 2019 Sage Intacct Advantage,prweb
111,https://www.prweb.com/releases/glen_ellyn_il_dentists_drs_thomas_and_jessica_gibbs_make_dentistry_affordable_and_perfect_smiles_a_possibility/prweb16655022.htm,"Tue, 22 Oct 2019 12:35:00 GMT","Glen Ellyn, IL Dentists, Drs. Thomas and Jessica Gibbs, Make Dentistry Affordable and Perfect Smiles a Possibility",prweb
122,https://www.prweb.com/releases/kennedy_weekender_a_new_lightweight_travel_bag_combining_refined_style_function_and_quality_launches_on_indiegogo/prweb16639931.htm,"Tue, 22 Oct 2019 12:30:00 GMT","Kennedy Weekender, a New Lightweight Travel Bag Combining Refined Style, Function and Quality, Launches on Indiegogo",prweb
215,https://www.prweb.com/releases/healthcare_supply_chain_leader_curvo_labs_raises_2_million_in_series_a_funding/prweb16661296.htm,"Tue, 22 Oct 2019 12:20:00 GMT",Healthcare Supply Chain Leader Curvo Labs Raises $2 Million in Series A Funding,prweb
150,https://www.prweb.com/releases/costly_car_insurance_mistakes_that_must_be_avoided_by_policyholders/prweb16664975.htm,"Tue, 22 Oct 2019 12:10:00 GMT",Costly Car Insurance Mistakes That Must Be Avoided By Policyholders,prweb
121,https://www.prweb.com/releases/imi_s_new_copper_plated_magnetic_welding_squares_resist_spatter/prweb16640598.htm,"Tue, 22 Oct 2019 12:10:00 GMT","IMI's New Copper-plated, Magnetic Welding Squares Resist Spatter",prweb
253,https://www.prweb.com/releases/preferred_hotels_resorts_declares_independent_is_everything_with_launch_of_independent_hotel_day/prweb16650901.htm,"Tue, 22 Oct 2019 12:05:00 GMT",Preferred Hotels & Resorts Declares “Independent is Everything” with Launch of Independent Hotel Day,prweb
116,https://www.prweb.com/releases/headlimes_adds_a_twist_to_the_food_and_beverage_industry_with_launch_of_its_signature_lime_squeezing_accessories/prweb16651547.htm,"Tue, 22 Oct 2019 12:05:00 GMT",HeadLimes Adds a Twist to the Food and Beverage Industry with Launch of its Signature Lime-Squeezing Accessories,prweb
156,https://www.prweb.com/releases/breathe_life_emerges_as_the_insurance_industrys_enterprise_commerce_platform_for_driving_new_business/prweb16664768.htm,"Tue, 22 Oct 2019 12:05:00 GMT",Breathe Life Emerges as the Insurance Industry’s Enterprise Commerce Platform for Driving New Business,prweb
208,https://www.prweb.com/releases/nq_medical_ranked_4_from_3_500_applicants_from_pepperdine_graziadio_business_school_list_of_most_fundable_companies_for_2019/prweb16661989.htm,"Tue, 22 Oct 2019 12:00:00 GMT","nQ Medical Ranked #4 from 3,500 applicants from Pepperdine Graziadio Business School List of Most Fundable Companies® for 2019",prweb
168,https://www.prweb.com/releases/scarlet_pearl_casino_resort_wins_3_5_million_if_the_nationals_beat_the_astros/prweb16664254.htm,"Tue, 22 Oct 2019 12:00:00 GMT",Scarlet Pearl Casino Resort wins $3.5 Million if the Nationals beat the Astros,prweb
113,https://www.prweb.com/releases/jiffy_lube_affiliated_mighty_franchises_add_locations_in_indiana_and_pennsylvania/prweb16653961.htm,"Tue, 22 Oct 2019 12:00:00 GMT",Jiffy Lube-Affiliated Mighty Franchises Add Locations in Indiana and Pennsylvania,prweb
211,https://www.prweb.com/releases/idp_revenue_growth_expected_to_exceed_80_in_2_years_as_enterprises_embrace_more_powerful_technology_mature_partners_everest_group/prweb16661473.htm,"Tue, 22 Oct 2019 12:00:00 GMT","IDP Revenue Growth Expected to Exceed 80% in 2 Years as Enterprises Embrace More Powerful Technology, Mature Partners—Everest Group",prweb
73,https://www.prweb.com/releases/home_supply_company_supplies_galt_house_renovation_project/prweb16662416.htm,"Tue, 22 Oct 2019 12:00:00 GMT",Home Supply Company Supplies Galt House Renovation Project,prweb
67,https://www.prweb.com/releases/accttwo_demonstrates_software_and_saas_accounting_expertise_at_sage_intacct_advantage_2019/prweb16662983.htm,"Tue, 22 Oct 2019 12:00:00 GMT",AcctTwo Demonstrates Software and SaaS Accounting Expertise at Sage Intacct Advantage 2019,prweb
234,https://www.prweb.com/releases/nuspire_expands_managed_endpoint_service/prweb16659133.htm,"Tue, 22 Oct 2019 12:00:00 GMT",Nuspire Expands Managed Endpoint Service,prweb
232,https://www.prweb.com/releases/the_howland_group_hits_a_hole_in_one_for_the_humane_society_of_broward_county/prweb16659538.htm,"Tue, 22 Oct 2019 12:00:00 GMT",The Howland Group Hits a Hole in One for the Humane Society of Broward County,prweb
231,https://www.prweb.com/releases/a_technology_security_solutions_honored_by_listnet_as_a_2019_lisa_winner/prweb16659540.htm,"Tue, 22 Oct 2019 12:00:00 GMT",A+ Technology & Security Solutions Honored by LISTnet as a 2019 LISA Winner,prweb
207,https://www.prweb.com/releases/melissa_curry_of_california_cartage_company_to_speak_at_parcel_forum_19/prweb16662021.htm,"Tue, 22 Oct 2019 12:00:00 GMT",Melissa Curry of California Cartage Company to Speak at Parcel Forum 19,prweb
198,https://www.prweb.com/releases/milwaukee_area_dealership_offers_vehicles_for_commercial_lease/prweb16662769.htm,"Tue, 22 Oct 2019 12:00:00 GMT",Milwaukee-area dealership offers vehicles for commercial lease,prweb
230,https://www.prweb.com/releases/customer_results_confirm_temenos_infinity_leadership_for_consumer_loan_origination_in_north_american_bank_and_credit_union_market/prweb16659606.htm,"Tue, 22 Oct 2019 12:00:00 GMT",Customer Results Confirm Temenos Infinity Leadership for Consumer Loan Origination in North American Bank and Credit Union Market,prweb
145,https://www.prweb.com/releases/advanced_linear_devices_transforms_the_balancing_of_large_supercapacitors_with_the_addition_of_over_voltage_protection/prweb16665031.htm,"Tue, 22 Oct 2019 12:00:00 GMT",Advanced Linear Devices Transforms the Balancing of Large Supercapacitors with the Addition of Over-voltage Protection,prweb
88,https://www.prweb.com/releases/dan_gershenson_attains_master_marketing_consultant_designation/prweb16660749.htm,"Tue, 22 Oct 2019 12:00:00 GMT",Dan Gershenson Attains Master Marketing Consultant Designation,prweb
190,https://www.prweb.com/releases/signal_vine_announces_partnership_with_the_child_family_network_centers/prweb16663533.htm,"Tue, 22 Oct 2019 12:00:00 GMT",Signal Vine Announces Partnership with the Child & Family Network Centers,prweb
189,https://www.prweb.com/releases/revspring_hires_first_president_of_payments_to_lead_next_phase_of_innovation_in_healthcare_financial_engagement/prweb16663590.htm,"Tue, 22 Oct 2019 12:00:00 GMT",RevSpring Hires First President of Payments to Lead Next Phase of Innovation in Healthcare Financial Engagement,prweb
41,https://www.prweb.com/releases/roland_dga_introduces_new_iu_1000f_high_volume_uv_led_flatbed_printer/prweb16664621.htm,"Tue, 22 Oct 2019 12:00:00 GMT",Roland DGA Introduces New IU-1000F High-Volume UV-LED Flatbed Printer,prweb
267,https://www.prweb.com/releases/creation_technologies_finalizes_global_deployment_of_kinaxis_rapid_response/prweb16660846.htm,"Tue, 22 Oct 2019 12:00:00 GMT",Creation Technologies Finalizes Global Deployment of Kinaxis Rapid Response,prweb
89,https://www.prweb.com/releases/kimble_announces_new_workflow_for_iterative_project_planning_in_winter_20_release/prweb16660670.htm,"Tue, 22 Oct 2019 12:00:00 GMT",Kimble Announces New Workflow for Iterative Project Planning in Winter 20 Release,prweb
154,https://www.prweb.com/releases/buxton_sponsors_free_dental_clinic_in_lewisville_texas/prweb16664800.htm,"Tue, 22 Oct 2019 12:00:00 GMT","Buxton Sponsors Free Dental Clinic in Lewisville, Texas",prweb
160,https://www.prweb.com/releases/lendio_report_shows_increase_in_young_business_owners_taking_out_loans/prweb16664650.htm,"Tue, 22 Oct 2019 11:55:00 GMT",Lendio Report Shows Increase in Young Business Owners Taking Out Loans,prweb
218,https://www.prweb.com/releases/dynamsoft_barcode_reader_sdk_adds_support_for_many_new_barcode_types/prweb16660999.htm,"Tue, 22 Oct 2019 11:55:00 GMT",Dynamsoft Barcode Reader SDK Adds Support for Many New Barcode Types,prweb
79,https://www.prweb.com/releases/npg_launches_nationwide_campaign_to_pass_h_r_140_the_birthright_citizenship_act_of_2019/prweb16661133.htm,"Tue, 22 Oct 2019 11:35:00 GMT","NPG Launches Nationwide Campaign to Pass H.R. 140, The Birthright Citizenship Act of 2019",prweb
110,https://www.prweb.com/releases/esteemed_plymouth_ma_oral_surgeon_dr_william_lane_hosts_successful_shamrock_study_club/prweb16655089.htm,"Tue, 22 Oct 2019 11:25:00 GMT","Esteemed Plymouth, MA Oral Surgeon, Dr. William Lane, Hosts Successful Shamrock Study Club",prweb
57,https://www.prweb.com/releases/infinite_joins_qualcomm_smart_cities_accelerator_program/prweb16663886.htm,"Tue, 22 Oct 2019 11:05:00 GMT",Infinite Joins Qualcomm Smart Cities Accelerator Program,prweb
269,https://www.prweb.com/releases/stylebook_closet_app_celebrates_10th_anniversary/prweb16657956.htm,"Tue, 22 Oct 2019 11:00:00 GMT",Stylebook Closet App Celebrates 10th Anniversary,prweb
86,https://www.prweb.com/releases/tracy_callahan_receives_the_first_asds_sun_safe_hero_award/prweb16660892.htm,"Tue, 22 Oct 2019 11:00:00 GMT",Tracy Callahan Receives the First ASDS Sun Safe Hero Award,prweb
245,https://www.prweb.com/releases/forecast_international_white_paper_sees_stage_set_for_business_jet_recovery/prweb16656277.htm,"Tue, 22 Oct 2019 11:00:00 GMT",Forecast International White Paper Sees  Stage Set for Business Jet Recovery,prweb
114,https://www.prweb.com/releases/alan_osmolowski_and_william_tarzia_named_co_leaders_of_blumshapiros_new_worcester_location/prweb16653885.htm,"Tue, 22 Oct 2019 11:00:00 GMT",Alan Osmolowski and William Tarzia Named Co-Leaders of blumshapiro’s New Worcester location,prweb
255,https://www.prweb.com/releases/tydenbrooks_announces_new_chalkboard_name_badges_to_their_brand_id_product_line/prweb16647525.htm,"Tue, 22 Oct 2019 11:00:00 GMT",TydenBrooks Announces New Chalkboard Name Badges to their Brand ID Product Line,prweb
252,https://www.prweb.com/releases/raymond_dezenzo_joins_senior_leadership_team_at_stack_construction_technologies/prweb16652300.htm,"Tue, 22 Oct 2019 11:00:00 GMT",Raymond DeZenzo Joins Senior Leadership Team at STACK Construction Technologies,prweb
248,https://www.prweb.com/releases/major_new_screenscape_release_puts_spotlight_on_production_values_ease_of_use_in_digital_signage/prweb16654042.htm,"Tue, 22 Oct 2019 11:00:00 GMT","Major New ScreenScape Release Puts Spotlight on Production Values, Ease-of-use in Digital Signage",prweb
247,https://www.prweb.com/releases/servion_renews_three_major_contact_center_cisco_certifications/prweb16655512.htm,"Tue, 22 Oct 2019 11:00:00 GMT",Servion renews three major contact center Cisco Certifications,prweb
34,https://www.prweb.com/releases/regroup_named_finalist_for_the_2019_american_security_today_astors_homeland_security_awards/prweb16664803.htm,"Tue, 22 Oct 2019 11:00:00 GMT",Regroup Named Finalist for the 2019 American Security Today ‘ASTORS’ Homeland Security Awards,prweb
227,https://www.prweb.com/releases/spol_reaffirms_its_rank_in_the_inc_5000_list_with_explosive_growth_in_edtech/prweb16660100.htm,"Tue, 22 Oct 2019 11:00:00 GMT",SPOL reaffirms its rank in the Inc. 5000 List with explosive growth in EdTech,prweb
186,https://www.prweb.com/releases/essendant_enhances_reseller_ecommerce_suite_with_launch_of_personalized_email_and_content_marketing_tools/prweb16663639.htm,"Tue, 22 Oct 2019 11:00:00 GMT",Essendant Enhances Reseller eCommerce Suite with Launch of Personalized Email and Content Marketing Tools,prweb
54,https://www.prweb.com/releases/nuvance_health_brings_brand_to_life_with_launch_of_ad_campaign/prweb16664016.htm,"Tue, 22 Oct 2019 11:00:00 GMT",Nuvance Health brings brand to life with launch of ad campaign,prweb
182,https://www.prweb.com/releases/conetrix_selected_as_the_best_it_services_company_in_lubbock_2019/prweb16663769.htm,"Tue, 22 Oct 2019 11:00:00 GMT",CoNetrix selected as the Best IT Services Company in Lubbock [2019],prweb
219,https://www.prweb.com/releases/bastyr_university_celebrates_5th_year_of_the_center_for_social_justice_and_diversity_with_healthy_equity_speaker_series/prweb16660790.htm,"Tue, 22 Oct 2019 10:30:00 GMT",Bastyr University Celebrates 5th Year of the Center for Social Justice and Diversity With Healthy Equity Speaker Series,prweb
37,https://www.prweb.com/releases/new_ema_radar_report_provides_in_depth_insights_into_wla_trends_and_rankings_of_16_leading_workload_automation_products/prweb16664751.htm,"Tue, 22 Oct 2019 10:10:00 GMT",New EMA Radar™ Report Provides In-depth Insights into WLA Trends and Rankings of 16 Leading Workload Automation Products,prweb
173,https://www.prweb.com/releases/resurety_named_emerging_company_of_the_year_honored_by_northeast_clean_energy_council_necec_and_boston_business_journal/prweb16664114.htm,"Tue, 22 Oct 2019 10:05:00 GMT",REsurety Named Emerging Company of the Year - Honored by Northeast Clean Energy Council (NECEC) and Boston Business Journal,prweb
147,https://www.prweb.com/releases/dr_evdokia_chasioti_treats_receding_gums_with_the_pinhole_technique_the_minimally_invasive_alternative_to_conventional_gum_grafting/prweb16665013.htm,"Tue, 22 Oct 2019 10:05:00 GMT","Dr. Evdokia Chasioti Treats Receding Gums With The Pinhole® Technique, The Minimally Invasive Alternative To Conventional Gum Grafting",prweb
120,https://www.prweb.com/releases/onvisource_releases_its_new_multi_engine_and_proprietary_artificial_intelligence_software_that_powers_companys_advanced_analytics_robotic_process_automation_and_iva/prweb16644572.htm,"Tue, 22 Oct 2019 10:00:00 GMT","OnviSource Releases its New Multi-Engine and Proprietary Artificial Intelligence Software that Powers Company’s Advanced Analytics, Robotic Process Automation and IVA",prweb
109,https://www.prweb.com/releases/seven_advisors_awarded_engel_volkers_private_office_designation_for_exemplary_real_estate_service_and_production/prweb16655093.htm,"Tue, 22 Oct 2019 10:00:00 GMT",Seven Advisors Awarded Engel & Völkers Private Office Designation for Exemplary Real Estate Service and Production,prweb
60,https://www.prweb.com/releases/heilind_electronics_now_stocking_molex_robust_contrinex_inductive_and_photoelectric_sensors/prweb16663390.htm,"Tue, 22 Oct 2019 10:00:00 GMT",Heilind Electronics Now Stocking Molex Robust Contrinex Inductive and Photoelectric Sensors,prweb
250,https://www.prweb.com/releases/airlib_unveils_ingenious_method_for_mapping_air_quality_that_slashes_deployment_costs_for_worldwide_scaling/prweb16653631.htm,"Tue, 22 Oct 2019 10:00:00 GMT",AIRLIB Unveils Ingenious Method for Mapping Air Quality That Slashes Deployment Costs for Worldwide Scaling,prweb
40,https://www.prweb.com/releases/baker_audio_visual_partners_with_utelogy_software_platform_to_deliver_managed_services/prweb16664725.htm,"Tue, 22 Oct 2019 10:00:00 GMT",Baker Audio Visual Partners with Utelogy Software Platform to Deliver Managed Services,prweb
65,https://www.prweb.com/releases/painweekend_in_milwaukee_offers_ce_cme_education_to_aid_the_opioid_public_health_crisis/prweb16663053.htm,"Tue, 22 Oct 2019 10:00:00 GMT",PAINWeekEnd in Milwaukee Offers CE/CME Education to Aid the Opioid Public Health Crisis,prweb
30,https://www.prweb.com/releases/yamaha_extends_its_audiophile_legacy_with_u_s_debut_of_5000_series_premium_hi_fi_audio_components/prweb16664862.htm,"Tue, 22 Oct 2019 10:00:00 GMT",Yamaha Extends its Audiophile Legacy with U.S. Debut of 5000 Series Premium Hi-Fi Audio Components,prweb
261,https://www.prweb.com/releases/vitria_technology_teams_with_cognizant_to_deliver_digital_operations_and_aiops_to_create_customer_centric_it_ecosystems/prweb16642665.htm,"Tue, 22 Oct 2019 10:00:00 GMT",Vitria Technology Teams with Cognizant to Deliver Digital Operations and AIOps to Create Customer-Centric IT Ecosystems,prweb
270,https://www.prweb.com/releases/advances_learning_center_hosts_grand_opening_of_learning_center_in_newton_ma/prweb16657786.htm,"Tue, 22 Oct 2019 10:00:00 GMT","Advances Learning Center Hosts Grand Opening of Learning Center in Newton, MA",prweb
210,https://www.prweb.com/releases/the_future_of_money_is_everyware/prweb16661498.htm,"Tue, 22 Oct 2019 10:00:00 GMT",The Future of Money is Everyware®,prweb
217,https://www.prweb.com/releases/navitas_demonstrates_gan_leadership_at_premier_asian_electronics_conference/prweb16661071.htm,"Tue, 22 Oct 2019 10:00:00 GMT",Navitas Demonstrates GaN Leadership at Premier Asian Electronics Conference,prweb
275,https://www.prweb.com/releases/wieland_group_and_sospes_expand_their_environmental_health_safety_software_partnership/prweb16653637.htm,"Tue, 22 Oct 2019 10:00:00 GMT","Wieland Group and Sospes Expand Their Environmental, Health & Safety Software Partnership",prweb
169,https://www.prweb.com/releases/new_coming_of_age_novel_follows_one_boys_journey_coping_with_obsessive_compulsive_disorder/prweb16664213.htm,"Tue, 22 Oct 2019 10:00:00 GMT",New Coming-of-Age Novel Follows One Boys Journey Coping with Obsessive Compulsive Disorder,prweb
279,https://www.prweb.com/releases/veatch_ophthalmic_instruments_now_an_authorized_distributor_of_haag_streit_octopus_perimeters_and_lenstar_biometry_devices/prweb16609755.htm,"Tue, 22 Oct 2019 10:00:00 GMT",Veatch Ophthalmic Instruments Now an Authorized Distributor of Haag-Streit Octopus Perimeters and Lenstar Biometry Devices,prweb
177,https://www.prweb.com/releases/study_for_brick_and_mortar_businesses_a_small_increase_in_online_star_ratings_boosts_conversion_by_25/prweb16663846.htm,"Tue, 22 Oct 2019 10:00:00 GMT","STUDY: For Brick-And-Mortar Businesses, a Small Increase in Online Star Ratings Boosts Conversion by 25%",prweb
281,https://www.prweb.com/releases/zumbrunnen_inc_building_consultants_to_senior_living_communities_exhibiting_at_2019_leadingage_annual_meeting_and_expo/prweb16659521.htm,"Tue, 22 Oct 2019 10:00:00 GMT","zumBrunnen, Inc., Building Consultants to Senior Living Communities, Exhibiting at 2019 LeadingAge Annual Meeting and Expo",prweb
146,https://www.prweb.com/releases/gia_robbins_joins_planet_dds_as_director_of_implementation/prweb16665028.htm,"Tue, 22 Oct 2019 10:00:00 GMT",Gia Robbins Joins Planet DDS as Director of Implementation,prweb
205,https://www.prweb.com/releases/capresso_h2o_select_precise_temperature_control_for_the_perfect_cup_of_tea_more/prweb16662334.htm,"Tue, 22 Oct 2019 09:55:00 GMT",Capresso H2O Select: Precise Temperature Control for the Perfect Cup of Tea & More,prweb
33,https://www.prweb.com/releases/green_lotus_launches_its_latest_innovation_smart_site_website_builder/prweb16664810.htm,"Tue, 22 Oct 2019 09:45:00 GMT",Green Lotus Launches Its Latest Innovation: Smart Site Website Builder,prweb
258,https://www.prweb.com/releases/cabem_technologies_taps_mark_overington_as_svp_sales_and_marketing/prweb16646246.htm,"Tue, 22 Oct 2019 09:35:00 GMT",CABEM Technologies Taps Mark Overington as SVP Sales and Marketing,prweb
153,https://www.prweb.com/releases/eden_health_launches_telehealth_program_across_five_states/prweb16664823.htm,"Tue, 22 Oct 2019 09:30:00 GMT",Eden Health Launches Telehealth Program Across Five States,prweb
268,https://www.prweb.com/releases/paradatec_showcasing_ai_data_purification_at_2019_mba_annual_convention_expo/prweb16658799.htm,"Tue, 22 Oct 2019 09:00:00 GMT",Paradatec Showcasing AI Data Purification at 2019 MBA Annual Convention & Expo,prweb
272,https://www.prweb.com/releases/arrow_distributing_inc_announces_new_partnership_with_rv_snappad/prweb16654130.htm,"Tue, 22 Oct 2019 09:00:00 GMT",Arrow Distributing Inc. Announces New Partnership with RV SnapPad,prweb
97,https://www.prweb.com/releases/new_iose_series_from_wireless_supply_antenna_hits_market_with_extended_frequency_range/prweb16659257.htm,"Tue, 22 Oct 2019 09:00:00 GMT",New IOSE Series From Wireless Supply Antenna Hits Market With Extended Frequency Range,prweb
101,https://www.prweb.com/releases/krow_software_announces_rapid_growth_customer_momentum_with_market_leading_professional_services_automation_psa_suite/prweb16657522.htm,"Tue, 22 Oct 2019 09:00:00 GMT",Krow Software Announces Rapid Growth & Customer Momentum with Market Leading Professional Services Automation (PSA) Suite,prweb
107,https://www.prweb.com/releases/the_larson_group_peterbilt_opens_remodeled_expanded_great_lakes_area_dealership/prweb16655419.htm,"Tue, 22 Oct 2019 09:00:00 GMT","The Larson Group Peterbilt Opens Remodeled, Expanded Great Lakes-Area Dealership",prweb
105,https://www.prweb.com/releases/voters_like_you_picked_skystem_for_a_double_win_with_acq/prweb16656433.htm,"Tue, 22 Oct 2019 09:00:00 GMT",Voters Like You Picked SkyStem For A Double Win With ACQ!,prweb
202,https://www.prweb.com/releases/ecomfort_launches_heating_and_cooling_installation_program/prweb16662639.htm,"Tue, 22 Oct 2019 09:00:00 GMT",eComfort Launches Heating and Cooling Installation Program,prweb
76,https://www.prweb.com/releases/industrial_caulk_and_seal_nominated_for_multiple_decorative_concrete_awards/prweb16662032.htm,"Tue, 22 Oct 2019 09:00:00 GMT",Industrial Caulk and Seal Nominated for Multiple Decorative Concrete Awards,prweb
118,https://www.prweb.com/releases/robotic_skies_partners_with_sqwaq_to_advance_commercial_drone_operations_bvlos/prweb16647407.htm,"Tue, 22 Oct 2019 09:00:00 GMT",Robotic Skies Partners with SqwaQ to Advance Commercial Drone Operations BVLOS,prweb
184,https://www.prweb.com/releases/numb_no_more_breast_cancer_patient_given_restored_hope_through_advanced_breast_reconstruction_technique/prweb16663715.htm,"Tue, 22 Oct 2019 09:00:00 GMT",Numb No More! Breast Cancer Patient Given Restored Hope Through Advanced Breast Reconstruction Technique,prweb
148,https://www.prweb.com/releases/element_ai_to_attend_web_summit_2019_operationalizing_ai_for_meaningful_business_impact/prweb16664991.htm,"Tue, 22 Oct 2019 09:00:00 GMT",Element AI to Attend Web Summit 2019--Operationalizing AI for Meaningful Business Impact,prweb
125,https://www.prweb.com/releases/rsip_vision_and_bioview_collaborate_using_artificial_intelligence_to_classify_chromosomes_for_highly_accurate_genetic_testing_results/prweb16624104.htm,"Tue, 22 Oct 2019 08:55:59 GMT","RSIP Vision and BioView Collaborate, Using Artificial Intelligence to Classify Chromosomes for Highly Accurate Genetic Testing Results",prweb
158,https://www.prweb.com/releases/gasket_tape_demo_video_now_available_from_stockwell_elastomerics/prweb16664696.htm,"Tue, 22 Oct 2019 08:45:00 GMT",Gasket Tape Demo Video Now Available from Stockwell Elastomerics,prweb
151,https://www.prweb.com/releases/ngpa_to_host_inaugural_aviation_inclusion_summit_in_november/prweb16664934.htm,"Tue, 22 Oct 2019 08:00:00 GMT",NGPA To Host Inaugural Aviation Inclusion Summit in November,prweb
171,https://www.prweb.com/releases/atlas_roofing_goes_pink_raises_over_160_000_toward_finding_a_cure_during_breast_cancer_awareness_month/prweb16664197.htm,"Tue, 22 Oct 2019 08:00:00 GMT","Atlas Roofing Goes Pink, Raises Over $160,000 Toward Finding a Cure During Breast Cancer Awareness Month",prweb
47,https://www.prweb.com/releases/mediaworks_designs_official_online_branding_piece_for_the_smpte_los_angeles_convention/prweb16664481.htm,"Tue, 22 Oct 2019 08:00:00 GMT",MediaWorks™ designs official online branding piece for the SMPTE Los Angeles Convention,prweb
239,https://www.prweb.com/releases/waterfront_palm_beach_condo_tower_counts_on_penetron_technology/prweb16658163.htm,"Tue, 22 Oct 2019 08:00:00 GMT",Waterfront Palm Beach Condo Tower Counts on Penetron Technology,prweb
66,https://www.prweb.com/releases/communities_nationwide_to_participate_in_operation_legacy_service_projects_to_honor_fallen_military_heroes/prweb16663028.htm,"Tue, 22 Oct 2019 08:00:00 GMT",Communities Nationwide to Participate in “Operation Legacy” Service Projects to Honor Fallen Military Heroes,prweb
90,https://www.prweb.com/releases/waterfield_unveils_custom_fit_sleeves_for_microsoft_surface_pro_x_pro_7_and_laptop_3/prweb16660603.htm,"Tue, 22 Oct 2019 07:25:00 GMT","WaterField Unveils Custom-fit Sleeves for Microsoft Surface Pro X, Pro 7, and Laptop 3",prweb
99,https://www.prweb.com/releases/farm_credit_foundation_for_agricultural_advancement_donates_45_000_to_local_organizations/prweb16658017.htm,"Tue, 22 Oct 2019 07:00:00 GMT","Farm Credit Foundation for Agricultural Advancement Donates $45,000 to Local Organizations",prweb
273,https://www.prweb.com/releases/amc_technology_earns_sap_certified_status_for_its_cloud_based_crm_and_contact_center_platform_davinci/prweb16653847.htm,"Tue, 22 Oct 2019 07:00:00 GMT",AMC Technology earns SAP-certified status for its cloud-based CRM and contact center platform DaVinci,prweb
126,https://www.prweb.com/releases/sherex_appoints_g_l_huyett_as_a_master_distributor_partner_in_an_innovative_go_to_market_strategy/prweb16623543.htm,"Tue, 22 Oct 2019 07:00:00 GMT",Sherex appoints G.L. Huyett as a Master Distributor Partner in an Innovative Go-To-Market Strategy,prweb
223,https://www.prweb.com/releases/good_leads_extends_the_end_of_year_incentive_plan_for_outsourced_b2b_lead_generation_services/prweb16660649.htm,"Tue, 22 Oct 2019 07:00:00 GMT","Good Leads® Extends the ""End of Year"" Incentive Plan for Outsourced B2B Lead Generation Services",prweb
106,https://www.prweb.com/releases/transform_your_leaders_into_brilliant_motivators_using_new_sciencology_of_voice_and_presentation_with_carol_stanley/prweb16655473.htm,"Tue, 22 Oct 2019 07:00:00 GMT",Transform Your Leaders Into Brilliant Motivators Using NEW Sciencology of Voice and Presentation – With Carol Stanley,prweb
75,https://www.prweb.com/releases/speakeasy_ai_announces_enhanced_machine_learning_capabilities_with_release_of_nerv/prweb16662167.htm,"Tue, 22 Oct 2019 07:00:00 GMT",Speakeasy AI Announces Enhanced Machine Learning Capabilities with Release of Nerv™,prweb
161,https://www.prweb.com/releases/new_datamark_report_gives_insider_insights_on_most_outsourced_business_processes/prweb16664506.htm,"Tue, 22 Oct 2019 07:00:00 GMT",New DATAMARK Report Gives Insider Insights on Most-Outsourced Business Processes,prweb
225,https://www.prweb.com/releases/sinclair_college_selects_ecampus_com_online_bookstore_platform_to_increase_access_to_affordable_course_materials_for_students/prweb16660619.htm,"Tue, 22 Oct 2019 07:00:00 GMT",Sinclair College Selects eCampus.com Online Bookstore Platform to Increase Access to Affordable Course Materials for Students,prweb
72,https://www.prweb.com/releases/ipatientcare_concludes_its_10th_successive_national_user_conference_2019_with_unprecedented_success/prweb16662629.htm,"Tue, 22 Oct 2019 07:00:00 GMT",iPatientCare concludes its 10th successive National User Conference 2019 with unprecedented success,prweb
91,https://www.prweb.com/releases/creative_virtuals_liam_ryan_to_deliver_a_keynote_presentation_at_the_cxtech_conference_and_technology_showcase_in_london/prweb16660274.htm,"Tue, 22 Oct 2019 07:00:00 GMT",Creative Virtual’s Liam Ryan to Deliver a Keynote Presentation at the CXtech Conference and Technology Showcase in London,prweb
